shot,Clamping force,Peak value plasticizing screw,Transfer volume,Maximum injection pressure,Transfer injection pressure,Injection time,Cushion mass,Dosing time,Cylinder heating zone 1,Cylinder heating zone 2,Cylinder heating zone 3,Cylinder heating zone 4,Cylinder heating zone 5,Nozzle temperature,Mold protection time,Product_Goodness
6,800.67542,0.684,28.24119,649.50104,649.50104,0.36,20.06088,1.992,187.0,190.60001,198.10001,205.0,209.8,43.0,0.664,1
33,801.41315,0.776,28.24119,640.85529,640.85529,0.36,20.07617,1.98,189.0,194.3,199.60001,205.0,210.0,41.0,0.662,0
174,799.56873,1.026,28.24119,668.92975,668.92975,0.36,20.10165,1.97,189.8,195.10001,199.8,205.0,210.0,43.5,0.664,1
94,800.49097,0.88,28.24119,643.28387,643.28387,0.36,19.98953,1.992,190.10001,194.60001,200.0,205.0,209.8,44.0,0.664,1
113,800.12207,1.122,28.24119,672.42688,672.42688,0.36,20.10165,1.984,189.8,195.3,200.0,205.0,210.0,44.5,0.662,1
250,799.19983,0.88,28.24119,715.36432,715.36432,0.36,20.08636,1.972,190.0,195.10001,199.8,205.0,209.8,43.4,0.664,0
181,799.56873,0.702,28.24119,667.95831,667.95831,0.36,20.10675,1.982,189.60001,194.60001,199.8,204.8,209.8,41.4,0.664,1
138,799.56873,0.962,28.24119,683.59839,683.59839,0.36,20.06598,1.982,189.8,195.0,200.10001,205.0,209.8,45.4,0.666,1
228,799.56873,1.168,28.24119,714.58716,714.58716,0.36,20.10165,1.974,190.0,195.0,199.8,205.0,210.0,42.2,0.662,1
91,800.49097,0.836,28.24119,637.94098,637.94098,0.36,20.07617,1.964,189.8,194.5,200.0,204.8,209.8,43.9,0.666,0
264,799.38428,1.094,28.24119,708.4671,708.4671,0.36,20.11185,1.966,189.8,195.10001,199.8,204.8,209.8,43.9,0.664,1
21,801.5976,0.83,28.24119,663.68402,663.68402,0.36,20.14753,1.992,187.8,192.60001,198.8,204.8,210.0,40.2,0.664,1
176,799.38428,0.852,28.24119,681.94696,681.94696,0.36,20.11695,1.972,189.8,194.8,199.8,205.0,209.8,43.0,0.666,1
152,799.56873,1.178,28.24119,671.64978,671.64978,0.36,20.09656,1.994,190.0,194.8,199.60001,205.0,209.8,45.5,0.666,1
76,800.67542,1.132,28.24119,644.9353,644.9353,0.36,20.0303,2.01,190.10001,194.8,200.10001,205.0,210.0,43.2,0.662,1
107,800.30652,1.184,28.24119,672.03833,672.03833,0.36,20.08127,1.986,189.60001,195.10001,200.10001,204.8,209.8,44.4,0.662,1
60,801.04431,0.982,28.24119,640.36957,640.36957,0.36,20.05578,1.994,190.0,194.8,199.8,205.10001,209.8,42.5,0.66,0
23,801.41315,0.856,28.24119,659.02112,658.63251,0.36,20.13733,2.0,188.3,193.0,198.8,204.8,210.0,40.2,0.662,1
200,799.38428,0.81,28.24119,669.51257,669.3183,0.36,20.0354,1.968,190.0,195.3,200.10001,205.0,210.0,40.7,0.662,1
143,799.38428,0.774,28.24119,673.78693,673.78693,0.36,20.09656,1.982,190.10001,195.10001,200.0,205.0,210.0,45.4,0.666,1
238,799.38428,1.17,28.24119,709.14709,709.14709,0.36,20.12204,1.964,190.0,195.0,199.8,204.8,209.8,42.5,0.662,0
233,799.38428,1.34,28.24119,711.47858,711.47858,0.36,20.10675,1.972,190.0,194.8,199.8,205.0,210.0,42.5,0.666,0
257,799.01538,1.134,28.24119,704.96997,704.96997,0.36,20.07617,1.98,190.3,195.0,200.0,205.0,210.0,43.5,0.664,0
97,800.67542,1.344,28.24119,662.90686,662.90686,0.36,20.04049,1.988,190.0,195.10001,200.0,205.0,209.8,44.0,0.666,0
78,800.30652,0.88,28.24119,647.07245,647.07245,0.36,20.08636,1.98,189.8,194.60001,199.8,205.0,210.0,43.5,0.662,0
104,800.49097,1.052,28.24119,660.08966,660.08966,0.36,19.98953,1.986,190.0,195.10001,199.8,205.0,209.8,44.2,0.666,1
133,799.75317,0.868,28.24119,668.83258,668.83258,0.36,20.07617,1.976,189.8,195.0,199.8,205.0,210.0,45.2,0.66,1
164,799.19983,0.83,28.24119,683.30695,683.30695,0.36,20.09656,1.978,190.0,194.8,199.60001,205.0,209.8,45.2,0.662,1
261,799.19983,1.052,28.24119,711.18713,711.18713,0.36,20.16282,1.984,189.8,195.10001,200.0,205.0,209.8,43.7,0.662,0
245,799.19983,1.552,28.24119,705.26141,705.26141,0.36,20.10675,1.97,190.0,195.60001,200.10001,205.0,209.8,43.2,0.666,1
134,799.56873,0.84,28.24119,674.85547,674.85547,0.36,20.11695,1.982,189.60001,194.8,199.8,205.0,210.0,45.2,0.664,1
86,800.30652,0.922,28.24119,648.91821,648.91821,0.36,20.10675,1.972,189.8,195.3,200.0,205.10001,210.0,43.9,0.666,0
165,799.19983,0.832,28.24119,690.20416,690.20416,0.36,20.08127,1.996,190.0,195.0,199.8,205.0,209.8,45.2,0.664,1
247,799.38428,0.978,28.24119,709.82715,709.82715,0.36,20.08127,1.984,190.10001,195.5,200.0,205.0,209.8,43.2,0.664,0
182,799.38428,0.868,28.24119,677.08978,677.08978,0.36,20.08127,1.98,189.60001,194.8,199.8,204.8,209.8,41.0,0.666,1
150,799.56873,0.966,28.24119,676.02118,676.02118,0.36,20.0354,1.988,190.10001,194.8,199.8,205.0,209.8,45.5,0.664,1
199,799.38428,0.95,28.24119,682.43268,682.43268,0.36,20.08636,1.974,189.8,195.5,200.10001,205.0,209.8,40.5,0.668,1
7,800.67542,0.692,28.24119,640.07813,640.07813,0.36,20.13224,1.988,187.0,190.5,198.10001,205.0,210.0,42.9,0.664,0
124,799.75317,0.934,28.24119,666.69543,666.69543,0.36,20.05069,1.982,190.0,194.60001,199.8,205.0,209.8,44.7,0.662,1
14,801.2287,1.362,28.24119,670.58118,670.58118,0.36,20.16282,2.022,187.3,192.0,198.60001,204.8,210.0,41.0,0.666,1
225,799.38428,1.038,28.24119,713.61572,713.61572,0.36,20.07617,1.976,189.8,194.8,199.8,204.8,210.0,42.0,0.666,1
191,799.38428,1.212,28.24119,681.65552,681.65552,0.36,20.13224,1.946,189.3,194.5,199.8,205.0,209.8,40.0,0.664,1
180,799.38428,0.778,28.24119,676.89551,676.89551,0.36,20.07107,1.988,189.60001,194.60001,199.8,204.8,209.8,41.7,0.662,1
131,799.75317,0.926,28.24119,671.74689,671.74689,0.36,20.05578,1.972,189.8,194.8,199.8,205.0,209.8,45.2,0.662,1
230,799.38428,1.088,28.24119,707.30139,707.30139,0.36,20.0303,1.982,190.0,194.8,199.8,205.0,210.0,42.2,0.666,0
82,800.49097,0.866,28.24119,650.76392,650.76392,0.36,20.08127,1.958,190.0,195.3,200.0,205.0,209.8,43.5,0.662,0
127,799.93762,0.95,28.24119,671.45544,671.35834,0.36,20.07617,1.976,189.8,194.60001,199.8,205.0,209.8,44.9,0.666,1
111,800.30652,0.79,28.24119,670.3869,670.3869,0.36,20.09656,1.976,189.8,195.3,200.10001,205.0,209.8,44.5,0.662,0
272,799.19983,0.894,28.24119,706.42712,706.42712,0.36,20.09146,1.984,190.0,194.60001,199.8,205.0,209.8,44.2,0.668,0
116,800.12207,1.006,28.24119,655.81537,655.81537,0.36,20.08636,1.96,189.8,195.10001,200.0,205.0,210.0,44.5,0.664,1
61,800.85986,0.924,28.24119,635.31812,635.31812,0.36,20.05069,1.978,190.0,194.60001,199.8,205.0,209.8,42.5,0.662,0
205,799.38428,1.19,28.24119,692.14703,692.14703,0.36,20.10165,1.96,189.8,194.60001,199.60001,205.0,209.8,40.9,0.666,0
96,800.49097,0.958,28.24119,655.42682,655.42682,0.36,20.0354,1.972,190.10001,194.8,200.0,205.0,209.8,44.0,0.666,1
147,799.93762,1.094,28.24119,667.08398,666.98688,0.36,20.05578,1.984,190.3,194.8,199.8,205.0,209.8,45.5,0.662,1
254,799.19983,1.264,28.24119,706.91284,706.91284,0.36,20.04049,1.984,190.10001,195.0,199.8,204.8,209.8,43.5,0.662,0
188,799.38428,0.946,28.24119,689.91272,689.91272,0.36,20.05069,1.968,189.60001,194.60001,199.8,204.8,210.0,40.0,0.662,1
